{
    "people":[{"name":"David",
        "lname":"Dressman",
            "relation":"Father"
        },
        {"name":"Kristin",
        "lname":"Dressman",
            "relation":"Mother"
        },
        {"name":"Michael",
        "lname":"Dressman",
            "relation":"Brother"
        },
        {"name":"Dallin",
        "lname":"Dressman",
            "relation":"Brother"
        },
        {"name":"Mark",
        "lname":"Dressman",
            "relation":"Brother"            
        },
        {"name":"Ann",
        "lname":"Dressman",
            "relation":"Sister"            
        }]
}